,stationCode,stationName,stationEName,stationAddrTw,stationAddrEn,stationTel,gps,Level,Link,Open,Line
0,0900,基隆,Keelung,基隆市中山區民治里1鄰中山一路16之 1號,"No. 16-1, Zhongshan 1st Rd, Zhongshan Dist., Keelung City",02-24263743,25.13401 121.74013,一等,/wiki/%E5%9F%BA%E9%9A%86%E8%BB%8A%E7%AB%99,1891-10-20,縱貫線、基隆捷運（規劃中）
1,0910,三坑,Sankeng,基隆市仁愛區德厚里龍安街 206 號,"No. 206, Long’an St., Ren`ai Dist., Keelung City",02-24230289,25.12305 121.74202,簡易,/wiki/%E4%B8%89%E5%9D%91%E8%BB%8A%E7%AB%99,2003-05-09,縱貫線
2,0920,八堵,Badu,基隆市暖暖區八南里八堵路 142 號,"No. 142, Badu Rd., Nuannuan Dist., Keelung City",02-24560841,25.10843 121.72898,二等,/wiki/%E5%85%AB%E5%A0%B5%E8%BB%8A%E7%AB%99,1899-07-20,縱貫線、宜蘭線
3,0930,七堵,Qidu,基隆市七堵區長興里東新街 2 號,"No. 2, Dongxin St., Qidu Dist., Keelung City",02-24553426,25.09294 121.71415,一等,/wiki/%E4%B8%83%E5%A0%B5%E8%BB%8A%E7%AB%99,1891-10-20,縱貫線
4,0940,百福,Baifu,基隆市七堵區堵南里明德三路 1 之 1 號,"No. 1-1, Mingde 3rd Rd., Qidu Dist., Keelung City",02-24528372,25.07803 121.69373,簡易,/wiki/%E7%99%BE%E7%A6%8F%E8%BB%8A%E7%AB%99,2007-05-08,縱貫線
5,0950,五堵,Wudu,新北市汐止區長安里長安路 17 號,"No. 17, Chang’an Rd., Xizhi Dist., New Taipei City",02-86476200,25.07784 121.66764,簡易,/wiki/%E4%BA%94%E5%A0%B5%E8%BB%8A%E7%AB%99,1902-06-01,縱貫線
6,0960,汐止,Xizhi,新北市汐止區信望里信義路 1 號,"No. 1, Xinyi Rd., Xizhi Dist., New Taipei City",02-26415096,25.06894 121.66244,二等,/wiki/%E6%B1%90%E6%AD%A2%E8%BB%8A%E7%AB%99,1891-10-20,縱貫線
7,0970,汐科,Xike,新北市汐止區大同里大同路二段 182 號,"No. 182, Sec. 2, Datong Rd., Xizhi Dist., New Taipei City",02-23815226#8730,25.06241 121.64669,簡易,/wiki/%E6%B1%90%E7%A7%91%E8%BB%8A%E7%AB%99,2007-12-30,縱貫線、民生汐止線(規劃中)基隆捷運線(規劃中)
8,0980,南港,Nangang,臺北市南港區南港里南港路一段 313 號,"No. 313, Sec. 1, Nangang Rd., Nangang Dist., Taipei City",02-27838645,25.05348 121.60706,一等,/wiki/%E5%8D%97%E6%B8%AF%E8%BB%8A%E7%AB%99,1899-07-20,臺灣鐵路縱貫線、北宜直線鐵路（規劃中）、基隆捷運（規劃中）、臺灣高鐵、板南線
9,0990,松山,Songshan,臺北市信義區永吉里松山路 11 號B1,"No. 11, Songshan Rd., Xinyi Dist., Taipei City",02-27673819,25.04936 121.57807,一等,/wiki/%E6%9D%BE%E5%B1%B1%E8%BB%8A%E7%AB%99_(%E5%8F%B0%E7%81%A3),1891-10-20,臺灣鐵路縱貫線、松山新店線、環狀線（規劃中）
10,1000,臺北,Taipei,臺北市中正區黎明里北平西路 3 號,"No. 3, Beiping W. Rd., Zhongzheng Dist., Taipei City",02-23713558,25.04771 121.51784,特等,/wiki/%E8%87%BA%E5%8C%97%E8%BB%8A%E7%AB%99,1891-10-20,臺鐵縱貫線、臺灣高鐵、淡水信義線、板南線、機場線
11,1010,萬華,Wanhua,臺北市萬華區富福里康定路 382 號,"No. 382, Kangding Rd., Wanhua Dist., Taipei City",02-23020481,25.03348 121.49984,一等,/wiki/%E8%90%AC%E8%8F%AF%E8%BB%8A%E7%AB%99,1901-08-25,縱貫線
12,1020,板橋,Banqiao,新北市板橋區新民里站前路,"No. 7, Sec. 2, Xianmin Blvd., Banqiao Dist., New Taipei City",02-89691036,25.01469 121.46352,一等,/wiki/%E6%9D%BF%E6%A9%8B%E8%BB%8A%E7%AB%99_(%E8%87%BA%E7%81%A3),1901-08-25,臺灣鐵路縱貫線、臺灣高鐵、板南線（板橋線）、環狀線
13,1030,浮洲,Fuzhou,新北市板橋區僑中里僑中二街 156 號,"No. 156, Qiaozhong 2nd St., Banqiao Dist., New Taipei City",02-23815226#4665,25.00419 121.44477,簡易,/wiki/%E6%B5%AE%E6%B4%B2%E8%BB%8A%E7%AB%99,2011-09-02,縱貫線、泰山板橋輕軌
14,1040,樹林,Shulin,新北市樹林區樹北里鎮前街 112 號,"No. 112, Zhenqian St., Shulin Dist., New Taipei City",02-26812052,24.99121 121.42481,一等,/wiki/%E6%A8%B9%E6%9E%97%E8%BB%8A%E7%AB%99,1901-08-25,縱貫線
15,1050,南樹林,South Shulin,新北市樹林區東山里中山路二段 230 號,"No. 230, Sec. 2, Zhongshan Rd., Shulin Dist., New Taipei City",02-26812052,24.98034 121.40891,簡易,/wiki/%E5%8D%97%E6%A8%B9%E6%9E%97%E8%BB%8A%E7%AB%99,2015-12-23,縱貫線
16,1060,山佳,Shanjia,新北市樹林區中山里山佳街 28 號,"No. 28, Shanjia St., Shulin Dist., New Taipei City",02-26808874,24.97233 121.39273,三等,/wiki/%E5%B1%B1%E4%BD%B3%E8%BB%8A%E7%AB%99,1903-10-07,縱貫線
17,1070,鶯歌,Yingge,新北市鶯歌區東鶯里文化路 68 號,"No. 68, Wenhua Rd., Yingge Dist., New Taipei City",02-26792004,24.95432 121.35535,二等,/wiki/%E9%B6%AF%E6%AD%8C%E8%BB%8A%E7%AB%99,1903-10-07,縱貫線、三鶯線（興建中）三鶯纜車（全案暫緩）
18,1080,桃園,Taoyuan,桃園市桃園區武陵里中正路 1 號,"No. 1, Zhongzheng Rd., Taoyuan Dist., Taoyuan City",03-3767050,24.98941 121.31399,一等,/wiki/%E6%A1%83%E5%9C%92%E8%BB%8A%E7%AB%99_(%E8%87%BA%E9%90%B5),1893-10-30,縱貫線、綠線（興建中）、棕線（規劃中）
19,1090,內壢,Neili,桃園市中壢區中原里中華路一段 267 號,"No. 267, Sec. 1, Zhonghua Rd., Zhongli Dist., Taoyuan City",03-4559725,24.97287 121.25814,三等,/wiki/%E5%85%A7%E5%A3%A2%E8%BB%8A%E7%AB%99,1902-06-01,縱貫線
20,1100,中壢,Zhongli_Taoyuan,桃園市中壢區石頭里中和路 139 號,"No. 139, Zhonghe Rd., Zhongli Dist., Taoyuan City",03-4223235,24.95382 121.22571,一等,/wiki/%E4%B8%AD%E5%A3%A2%E8%BB%8A%E7%AB%99,1893-10-30,縱貫線、機場線（興建中）
21,1110,埔心,Puxin,桃園市楊梅區埔心里永美路 208 號,"No. 208, Yongmei Rd., Yangmei Dist., Taoyuan City",03-4827100,24.91945 121.18366,三等,/wiki/%E5%9F%94%E5%BF%83%E8%BB%8A%E7%AB%99,1900-04-10,縱貫線
22,1120,楊梅,Yangmei,桃園市楊梅區楊梅里大成路 256 號,"No. 256, Dacheng Rd., Yangmei Dist., Taoyuan City",03-4782893,24.91391 121.14634,三等,/wiki/%E6%A5%8A%E6%A2%85%E8%BB%8A%E7%AB%99,1893-10-30,縱貫線
23,1130,富岡,Fugang,桃園市楊梅區富岡里成功路 37 號,"No. 37, Chenggong Rd., Yangmei Dist., Taoyuan City",03-4723754,24.93462 121.08313,三等,/wiki/%E5%AF%8C%E5%B2%A1%E8%BB%8A%E7%AB%99_(%E8%87%BA%E9%90%B5),1929-10-01,縱貫線
24,1140,新富,Xinfu,桃園市楊梅區富豐里富全街 1 號,"No. 1, Fuquan St., Yangmei Dist., Taoyuan City",03-4723754,24.93107 121.06759,招呼,/wiki/%E6%96%B0%E5%AF%8C%E8%BB%8A%E7%AB%99,2017-09-06,縱貫線
25,1150,北湖,Beihu,新竹縣湖口鄉東興村北湖路 1 號,"No. 1, Beihu Rd., Hukou Township, Hsinchu County",03-5993850,24.92191 121.05586,甲簡,/wiki/%E5%8C%97%E6%B9%96%E8%BB%8A%E7%AB%99,2012-09-28,縱貫線
26,1160,湖口,Hukou,新竹縣湖口鄉仁勢村中山路二段 121 號,"No. 121, Sec. 2, Zhongshan Rd., Hukou Township, Hsinchu County",03-5992192,24.90292 121.04412,三等,/wiki/%E6%B9%96%E5%8F%A3%E8%BB%8A%E7%AB%99,1929-11-01,縱貫線
27,1170,新豐,Xinfeng,新竹縣新豐鄉山崎村新興路 202 號,"No. 202, Xinxing Rd., Xinfeng Township, Hsinchu County",03-5596314,24.86961 120.99654,三等,/wiki/%E6%96%B0%E8%B1%90%E8%BB%8A%E7%AB%99,1893-11-30,縱貫線
28,1180,竹北,Zhubei,新竹縣竹義里和平街 59 號,"No. 59, Heping St., , Hsinchu County",03-5552024,24.83892 121.00936,三等,/wiki/%E7%AB%B9%E5%8C%97%E8%BB%8A%E7%AB%99,1897-09-10,縱貫線
29,1190,北新竹,North Hsinchu,新竹市 東區東園里中華路一段 291 之 2 號,"No. 291-2, Sec. 1, Zhonghua Rd.,  , Hsinchu City",03-5237441,24.80876 120.98385,簡易,/wiki/%E5%8C%97%E6%96%B0%E7%AB%B9%E8%BB%8A%E7%AB%99,2011-11-11,縱貫線、內灣線
30,1191,千甲,Qianjia,新竹市 東區水源里千甲路 142 號,"No. 142, Qianjia Rd.,  , Hsinchu City",03-5237441,24.80669 121.00301,簡易,/wiki/%E5%8D%83%E7%94%B2%E8%BB%8A%E7%AB%99,2011-11-11,內灣線
31,1192,新莊,Xinzhuang,新竹市 東區新莊里關東路 310 號,"No. 310, Guandong Rd.,  , Hsinchu City",03-5237441,24.78819 121.02182,簡易,/wiki/%E6%96%B0%E8%8E%8A%E8%BB%8A%E7%AB%99_(%E6%96%B0%E7%AB%B9%E5%B8%82),2011-11-11,內灣線
32,1193,竹中,Zhuzhong,新竹縣竹東鎮頭重里竹中路 145 號,"No. 145, Zhuzhong Rd., Zhudong Township, Hsinchu County",03-5962042,24.78125 121.03117,甲簡,/wiki/%E7%AB%B9%E4%B8%AD%E8%BB%8A%E7%AB%99,1947-11-05,內灣線、六家線
33,1194,六家,Liujia,新竹縣竹北市隘口里復興三路二段 229 號,"No. 229, Sec. 2, Fuxing 3rd Rd., Zhubei City, Hsinchu County",03-5962042,24.80751 121.03921,乙簡,/wiki/%E5%85%AD%E5%AE%B6%E8%BB%8A%E7%AB%99,2011-11-11,六家線
34,1201,上員,Shangyuan,新竹縣竹東鎮上員里光明路 (無站房),"Guangming Rd. (No Station Building), Zhudong Township, Hsinchu County",03-5962042,24.77797 121.05554,招呼,/wiki/%E4%B8%8A%E5%93%A1%E8%BB%8A%E7%AB%99,1970-02-06,內灣線
35,1202,榮華,Ronghua,新竹縣竹東鎮仁愛里北興路 (無站房),"Beixing Rd. (No Station Building), Zhudong Township, Hsinchu County",03-5962042,24.74851 121.08296,招呼,/wiki/%E6%A6%AE%E8%8F%AF%E8%BB%8A%E7%AB%99,2001-11-24,內灣線
36,1203,竹東,Zhudong,新竹縣竹東鎮雞林里東林路 196 號,"No. 196, Donglin Rd., Zhudong Township, Hsinchu County",03-5962042,24.73811 121.09465,二等,/wiki/%E7%AB%B9%E6%9D%B1%E8%BB%8A%E7%AB%99,1947-11-05,內灣線
37,1204,橫山,Hengshan,新竹縣橫山鄉橫山村橫山路 97 號 (無站房),"No. 97, Hengshan Rd. (No Station Building), Hengshan Township, Hsinchu County",03-5962042,24.72051 121.11657,招呼,/wiki/%E6%A9%AB%E5%B1%B1%E8%BB%8A%E7%AB%99_(%E6%96%B0%E7%AB%B9%E7%B8%A3),1950-12-27,內灣線
38,1205,九讚頭,Jiuzantou,新竹縣橫山鄉大肚村中豐路二段 286 巷 29 號,"No. 29, Ln. 286, Sec. 2, Zhongfeng Rd., Hengshan Township, Hsinchu County",03-5962042,24.72068 121.13621,乙簡,/wiki/%E4%B9%9D%E8%AE%9A%E9%A0%AD%E8%BB%8A%E7%AB%99,1950-12-27,內灣線
39,1206,合興,Hexing,新竹縣橫山鄉力行村中山街一段 17 號,"No. 17, Sec. 1, Zhongshan St., Hengshan Township, Hsinchu County",03-5962042,24.71649 121.15434,招呼,/wiki/%E5%90%88%E8%88%88%E8%BB%8A%E7%AB%99,1950-12-27,內灣線
40,1207,富貴,Fugui,新竹縣橫山鄉豐田村中山街一段 (無站房),"Sec. 1, Zhongshan St. (No Station Building), Hengshan Township, Hsinchu County",03-5962042,24.71553 121.16729,招呼,/wiki/%E5%AF%8C%E8%B2%B4%E8%BB%8A%E7%AB%99,1962-11-28,內灣線
41,1208,內灣,Neiwan,新竹縣橫山鄉內灣村中正路 6 號,"No. 6, Zhongzheng Rd., Hengshan Township, Hsinchu County",03-5962042,24.70526 121.18247,乙簡,/wiki/%E5%85%A7%E7%81%A3%E8%BB%8A%E7%AB%99,1951-09-11,內灣線
42,1210,新竹,Hsinchu,新竹市 東區榮光里中華路二段 445 號,"No. 445, Sec. 2, Zhonghua Rd.,  , Hsinchu City",03-5237441,24.80169 120.97156,一等,/wiki/%E6%96%B0%E7%AB%B9%E8%BB%8A%E7%AB%99,1893-10-30,縱貫線、內灣線
43,1220,三姓橋,Sanxingqiao,新竹市 香山區香山里元培街 32 巷 30 號,"No. 30, Ln. 32, Yuanpei St.,  , Hsinchu City",03-5237441,24.78723 120.92838,簡易,/wiki/%E4%B8%89%E5%A7%93%E6%A9%8B%E8%BB%8A%E7%AB%99,2016-06-29,縱貫線
44,1230,香山,Xiangshan,新竹市 香山區朝山里中華路五段 347 巷 2 弄 27 號,"No. 27, Aly. 2, Ln. 347, Sec. 5, Zhonghua Rd.,  , Hsinchu City",03-5237441,24.76321 120.91391,甲簡,/wiki/%E9%A6%99%E5%B1%B1%E8%BB%8A%E7%AB%99_(%E8%87%BA%E7%81%A3),1902-08-10,縱貫線
45,1240,崎頂,Qiding,苗栗縣竹南鎮崎頂里北戶 55 號,"No. 55, Beihu, Zhunan Township, Miaoli County",037-472030,24.72281 120.87213,招呼,/wiki/%E5%B4%8E%E9%A0%82%E8%BB%8A%E7%AB%99,1928-03-12,縱貫線
46,1250,竹南,Zhunan,苗栗縣竹南鎮竹南里中山路 166 號,"No. 166, Zhongshan Rd., Zhunan Township, Miaoli County",037-472030,24.68663 120.88041,一等,/wiki/%E7%AB%B9%E5%8D%97%E8%BB%8A%E7%AB%99,1902-08-10,縱貫線、臺中線、海岸線
47,2110,談文,Tanwen,苗栗縣造橋鄉談文村仁愛路 29 號,"No. 29, Ren’ai Rd., Zaoqiao Township, Miaoli County",037-472030,24.65641 120.85825,招呼,/wiki/%E8%AB%87%E6%96%87%E8%BB%8A%E7%AB%99,1922-10-11,海岸線
48,2120,大山,Dashan,苗栗縣後龍鎮大山里明山路 180 號,"No. 180, Mingshan Rd., Houlong Township, Miaoli County",037-728616,24.64565 120.80376,甲簡,/wiki/%E5%A4%A7%E5%B1%B1%E8%BB%8A%E7%AB%99,1922-10-11,海岸線
49,2130,後龍,Houlong,苗栗縣後龍鎮北龍里車站街 127-2 號,"No. 127, Chezhan St., Houlong Township, Miaoli County",037-728616,24.61621 120.78731,三等,/wiki/%E5%BE%8C%E9%BE%8D%E8%BB%8A%E7%AB%99,1922-10-11,海岸線
50,2140,龍港,Longgang,苗栗縣後龍鎮龍京里公司寮 85 號,"No. 85, Gongsiliao, Houlong Township, Miaoli County",037-728616,24.61169 120.75812,招呼,/wiki/%E9%BE%8D%E6%B8%AF%E8%BB%8A%E7%AB%99,1922-10-11,海岸線
51,2150,白沙屯,Baishatun,苗栗縣通霄鎮白西里白西 131 號,"No. 131, Baixi, Tongxiao Township, Miaoli County",037-793066,24.56481 120.70824,三等,/wiki/%E7%99%BD%E6%B2%99%E5%B1%AF%E8%BB%8A%E7%AB%99,1922-10-11,海岸線
52,2160,新埔,Xinpu,苗栗縣通霄鎮新埔里新埔 57 號,"No. 57, Xinpu, Tongxiao Township, Miaoli County",037-793066,24.54018 120.69518,乙簡,/wiki/%E6%96%B0%E5%9F%94%E8%BB%8A%E7%AB%99_(%E8%8B%97%E6%A0%97%E7%B8%A3),1922-10-11,海岸線
53,2170,通霄,Tongxiao,苗栗縣通霄鎮通西里中正路 109 號,"No. 109, Zhongzhen Rd., Tongxiao Township, Miaoli County",037-758300,24.49141 120.67843,三等,/wiki/%E9%80%9A%E9%9C%84%E8%BB%8A%E7%AB%99,1922-10-11,海岸線
54,2180,苑裡,Yuanli,苗栗縣苑裡鎮苑北里中山路 165 號,"No. 165, Zhongshan Rd., Yuanli Township, Miaoli County",037-851013,24.44344 120.65146,三等,/wiki/%E8%8B%91%E8%A3%A1%E8%BB%8A%E7%AB%99,1922-10-11,海岸線
55,2190,日南,Rinan,臺中市大甲區孟春里中山路二段 140 巷 8 號,"No. 8, Ln. 140, Sec. 2, Zhongshan Rd., Dajia Dist., Taichung City",04-26816113,24.37805 120.65412,乙簡,/wiki/%E6%97%A5%E5%8D%97%E8%BB%8A%E7%AB%99,1922-10-11,海岸線
56,2200,大甲,Dajia,臺中市大甲區大甲里中山路一段 828 號,"No. 828, Sec. 1, Zhongshan Rd., Dajia Dist., Taichung City",04-26872022,24.34448 120.62702,二等,/wiki/%E5%A4%A7%E7%94%B2%E8%BB%8A%E7%AB%99,1922-10-11,海岸線
57,2210,臺中港,Taichung Port,臺中市清水區頂湳里甲南路 2 號,"No. 2, Jianan Rd., Qingshui Dist., Taichung City",04-26225374,24.30441 120.60231,二等,/wiki/%E5%8F%B0%E4%B8%AD%E6%B8%AF%E8%BB%8A%E7%AB%99,1922-10-11,海岸線、台中港線
58,2220,清水,Qingshui,臺中市南社里中正街 115 號,"No. 115, Zhongzheng St., , Taichung City",04-26222021,24.26364 120.56918,三等,/wiki/%E6%B8%85%E6%B0%B4%E8%BB%8A%E7%AB%99_(%E5%8F%B0%E7%81%A3),1920-12-25,海岸線
59,2230,沙鹿,Shalu,臺中市沙鹿區沙鹿里中正街 94 號,"No. 94, Zhongzheng St., Shalu Dist., Taichung City",04-26625057,24.23702 120.55752,二等,/wiki/%E6%B2%99%E9%B9%BF%E8%BB%8A%E7%AB%99,1920-12-25,海岸線、藍線（綜合規劃由交通部審核中）
60,2240,龍井,Longjing,臺中市龍井區龍泉里龍新路 1 號,"No. 1, Longxin Rd., Longjing Dist., Taichung City",04-26355578,24.19745 120.54336,三等,/wiki/%E9%BE%8D%E4%BA%95%E8%BB%8A%E7%AB%99,1920-12-25,海岸線
61,2250,大肚,Dadu,臺中市大肚區頂街里平和街 121 號,"No. 121, Pinghe St., Dadu Dist., Taichung City",04-26992523,24.15401 120.54255,三等,/wiki/%E5%A4%A7%E8%82%9A%E8%BB%8A%E7%AB%99,1920-12-25,海岸線
62,2260,追分,Zhuifen,臺中市大肚區王田里追分街 13 號,"No. 13, Zhuifen St., Dadu Dist., Taichung City",04-26933106,24.12061 120.57014,三等,/wiki/%E8%BF%BD%E5%88%86%E8%BB%8A%E7%AB%99,1922-10-11,海岸線、成追線
63,3140,造橋,Zaoqiao,苗栗縣造橋鄉造橋村平仁路 54 號,"No. 54, Pingren Rd., Zaoqiao Township, Miaoli County",037-472030,24.64206 120.86719,招呼,/wiki/%E9%80%A0%E6%A9%8B%E8%BB%8A%E7%AB%99,1903-05-25,臺中線
64,3150,豐富,Fengfu,苗栗縣後龍鎮校椅里高鐵一路 66 號,"No. 66, Gaotie 1st Rd., Houlong Township, Miaoli County",037-726700,24.60131 120.82357,簡易,/wiki/%E8%B1%90%E5%AF%8C%E8%BB%8A%E7%AB%99,1903-05-25,臺中線
65,3160,苗栗,Miaoli,苗栗縣上苗里為公路 1 號,"No. 1, Weigong Rd., , Miaoli County",037-260031,24.57002 120.82264,一等,/wiki/%E8%8B%97%E6%A0%97%E8%BB%8A%E7%AB%99,1903-05-25,臺中線
66,3170,南勢,Nanshi,苗栗縣苗栗市新英里南勢 39 號,"No. 39, Nanshi, Miaoli City, Miaoli County",037-260031,24.52234 120.79157,招呼,/wiki/%E5%8D%97%E5%8B%A2%E8%BB%8A%E7%AB%99,1903-07-01,臺中線
67,3180,銅鑼,Tongluo,苗栗縣銅鑼鄉銅鑼村大同路 13 號,"No. 13, Datong Rd., Tongluo Township, Miaoli County",037-983838,24.48648 120.78616,三等,/wiki/%E9%8A%85%E9%91%BC%E8%BB%8A%E7%AB%99,1903-10-07,臺中線
68,3190,三義,Sanyi,苗栗縣三義鄉雙湖村雙湖 90 號,"No. 90, Shuanghu, Sanyi Township, Miaoli County",037-874763,24.42066 120.77393,三等,/wiki/%E4%B8%89%E7%BE%A9%E8%BB%8A%E7%AB%99,1903-10-07,臺中線、舊山線
69,3210,泰安,Tai'an,臺中市后里區泰安里安眉路 37 之 12 號,"No. 37-12, Anmei Rd., Houli Dist., Taichung City",04-25586540,24.33146 120.74181,簡易,/wiki/%E6%B3%B0%E5%AE%89%E8%BB%8A%E7%AB%99_(%E5%8F%B0%E4%B8%AD%E7%B7%9A),1998-09-24,臺中線
70,3220,后里,Houli,臺中市后里區義里里甲后路一段 1 號,"No. 1, Jiahou Rd., Houli Dist., Taichung City",04-25562038,24.30933 120.73288,三等,/wiki/%E5%90%8E%E9%87%8C%E8%BB%8A%E7%AB%99,1905-05-15,臺中線
71,3230,豐原,Fengyuan,臺中市豐原區豐原里中正路 1 號,"No. 1, Zhongzheng Rd., Fengyuan Dist., Taichung City",04-25207950#32,24.25413 120.72291,一等,/wiki/%E8%B1%90%E5%8E%9F%E8%BB%8A%E7%AB%99,1905-05-15,臺中線
72,3240,栗林,Lilin,臺中市潭子區潭豐路二段747號,"No. 747, Section 2, Tanfeng Road, Tanzi Dist., Taichung City",04-25391401,24.23481 120.71069,簡易,/wiki/%E6%A0%97%E6%9E%97%E8%BB%8A%E7%AB%99_(%E8%87%BA%E7%81%A3),2018-10-28,臺中線
73,3250,潭子,Tanzi,臺中市潭子區中山路二段352-1號,"No. 352-1, Sec. 2, Zhongshan Rd., Tanzi Dist., Taichung City",04-25363852,24.21283 120.70557,三等,/wiki/%E6%BD%AD%E5%AD%90%E8%BB%8A%E7%AB%99,1905-05-15,臺中線
74,3260,頭家厝,Toujiacuo,臺中市潭子區頭張東路43巷8號,"No. 8, Ln. 43, Touzhang E. Rd., Tanzi Dist., Taichung City",04-25391426,24.19572 120.70398,簡易,/wiki/%E9%A0%AD%E5%AE%B6%E5%8E%9D%E8%BB%8A%E7%AB%99,2018-10-28,臺中線
75,3270,松竹,Songzhu,臺中市北屯區舊社里松竹路一段1473巷100號,"No. 100, Ln. 1473, Sec. 1, Songzhu Rd., Taiwan (R.O.C.), Beitun Dist., Taichung City",04-22473033,24.17983 120.70197,簡易,/wiki/%E6%9D%BE%E7%AB%B9%E8%BB%8A%E7%AB%99,2018-10-28,臺中線
76,3280,太原,Taiyuan,臺中市北屯區北興里東光路 665 號,"No. 665, Dongguang Rd., Beitun Dist., Taichung City",04-22313926,24.16413 120.69981,乙簡,/wiki/%E5%A4%AA%E5%8E%9F%E8%BB%8A%E7%AB%99,2002-11-22,臺中線
77,3290,精武,Jingwu,臺中市東區東南里東光路 161號,"No. 161, Dongguang Rd., Taiwan (R.O.C.)No. 194, Dongguang Rd., East Dist., Taichung City",04-23606501,24.14917 120.69773,簡易,/wiki/%E7%B2%BE%E6%AD%A6%E8%BB%8A%E7%AB%99,2018-10-28,臺中線
78,3300,臺中,Taichung,臺中市中區綠川里臺灣大道一段 1 號,"No. 1, Sec. 1, Taiwan Blvd., Central Dist., Taichung City",04-22216492,24.13661 120.68527,特等,/wiki/%E8%87%BA%E4%B8%AD%E8%BB%8A%E7%AB%99,1905-05-15,臺中線
79,3310,五權,Wuquan,臺中市南區建國南路二段201號,"No. 201, Sec. 2, Jianguo S. Rd., Taiwan (R.O.C.), South Dist., Taichung City",04-22601636,24.12877 120.66644,簡易,/wiki/%E4%BA%94%E6%AC%8A%E8%BB%8A%E7%AB%99,2018-10-28,臺中線
80,3320,大慶,Daqing,臺中市南區樹德里7鄰大慶街2段130號,"No. 130, Sec. 2, Daqing St., Taiwan (R.O.C.), South Dist., Taichung City",04-22637940,24.11891 120.64791,簡易,/wiki/%E5%A4%A7%E6%85%B6%E8%BB%8A%E7%AB%99,1998-07-07,臺中線
81,3330,烏日,Wuri,臺中市烏日區烏日里三民街 258 號,"No. 258, Sanmin St., Wuri Dist., Taichung City",04-23381071,24.10867 120.62244,簡易,/wiki/%E7%83%8F%E6%97%A5%E8%BB%8A%E7%AB%99,1905-05-15,臺中線
82,3340,新烏日,Xinwuri,臺中市烏日區三和里高鐵東一路 26 號,"No. 26, Gaotie E. 1st Rd., Wuri Dist., Taichung City",04-23376883,24.10976 120.61429,二等,/wiki/%E6%96%B0%E7%83%8F%E6%97%A5%E8%BB%8A%E7%AB%99,2006-12-01,臺中線
83,3350,成功,Chenggong,臺中市烏日區榮泉里中山路三段 550 號,"No. 550, Sec. 3, Zhongshan Rd., Wuri Dist., Taichung City",04-23371986,24.11424 120.59021,三等,/wiki/%E6%88%90%E5%8A%9F%E8%BB%8A%E7%AB%99,1905-05-15,臺中線、成追線
84,3360,彰化,Changhua,彰化縣彰化市長樂里三民路 1 號,"No. 1, Sanmin Rd., Zhanghua City, Changhua County",04-7274218#11,24.08171 120.53828,一等,/wiki/%E5%BD%B0%E5%8C%96%E8%BB%8A%E7%AB%99,1905-03-26,臺中線海岸線縱貫線南段
85,3370,花壇,Huatan,彰化縣花壇鄉花壇村中正路 370 號,"No. 370, Zhongzheng Rd., Huatan Township, Changhua County",04-7881418,24.02521 120.53759,乙簡,/wiki/%E8%8A%B1%E5%A3%87%E8%BB%8A%E7%AB%99,1905-03-26,縱貫線南段
86,3380,大村,Dacun,彰化縣大村鄉過溝村福進路 100 號,"No. 100, Fujin Rd., Dacun Township, Changhua County",04-8525148,23.99003 120.56068,簡易,/wiki/%E5%A4%A7%E6%9D%91%E8%BB%8A%E7%AB%99,2006-04-04,縱貫線南段
87,3390,員林,Yuanlin,彰化縣員林市和平里民權街 55 號,"No. 55, Minquan St., Yuanlin City, Changhua County",04-8320544#15,23.95933 120.56995,一等,/wiki/%E5%93%A1%E6%9E%97%E8%BB%8A%E7%AB%99,1905-03-26,縱貫線南段
88,3400,永靖,Yongjing,彰化縣永靖鄉崙子村永崙路 25 號,"No. 25, Yonglun Rd., Yongjing Township, Changhua County",04-8320544#15,23.92811 120.57165,招呼,/wiki/%E6%B0%B8%E9%9D%96%E8%BB%8A%E7%AB%99,1958-10-24,縱貫線南段
89,3410,社頭,Shetou,彰化縣社頭鄉廣興村社站路 10 號,"No. 10, Shezhan Rd., Shetou Township, Changhua County",04-8711646,23.89571 120.58082,三等,/wiki/%E7%A4%BE%E9%A0%AD%E8%BB%8A%E7%AB%99,1905-03-26,縱貫線南段
90,3420,田中,Tianzhong,彰化縣田中鎮中路里中州路一段 1 號,"No. 1, Sec. 1, Zhongzhou Rd., Tianzhong Township, Changhua County",04-8742142,23.85827 120.59121,二等,/wiki/%E7%94%B0%E4%B8%AD%E8%BB%8A%E7%AB%99,1905-03-26,縱貫線南段
91,3430,二水,Ershui,彰化縣二水鄉光化村光文路 1 號,"No. 1, Guangwen Rd., Ershui Township, Changhua County",04-8792027,23.81321 120.61805,二等,/wiki/%E4%BA%8C%E6%B0%B4%E8%BB%8A%E7%AB%99,1905-01-15,縱貫線南段、集集線
92,3431,源泉,Yuanquan,彰化縣二水鄉合興村英義路 (無站房),"Yingyi Rd. (No Station Building), Ershui Township, Changhua County",04-8792027,23.79846 120.64208,招呼,/wiki/%E6%BA%90%E6%B3%89%E8%BB%8A%E7%AB%99,1922-01-14,集集線
93,3432,濁水,Zhuoshui,南投縣名間鄉濁水村車站路 15 號,"No. 15, Chezhan Rd., Mingjian Township, Nantou County",049-2735850,23.83467 120.70467,丙簡,/wiki/%E6%BF%81%E6%B0%B4%E8%BB%8A%E7%AB%99,1922-01-14,集集線
94,3433,龍泉,Longquan,南投縣集集鎮隘寮村龍泉巷 (無站房),"Longquan Ln. (No Station Building), Jiji Township, Nantou County",04-8792027,23.83521 120.74996,招呼,/wiki/%E9%BE%8D%E6%B3%89%E8%BB%8A%E7%AB%99,1922-01-14,集集線
95,3434,集集,Jiji,南投縣集集鎮吳厝里民生路 75 號,"No. 75, Minsheng Rd., Jiji Township, Nantou County",049-2762546,23.82653 120.78491,招呼,/wiki/%E9%9B%86%E9%9B%86%E8%BB%8A%E7%AB%99,1922-01-14,集集線
96,3435,水里,Shuili,南投縣水里鄉水里村民生路 440 號,"No. 440, Minsheng Rd., Shuili Township, Nantou County",049-2770015,23.81844 120.85333,簡易,/wiki/%E6%B0%B4%E9%87%8C%E8%BB%8A%E7%AB%99,1922-01-14,集集線
97,3436,車埕,Checheng,南投縣水里鄉車埕村民權巷 2 號,"No. 2, Minquan Ln., Shuili Township, Nantou County",049-2774749,23.83263 120.86572,招呼,/wiki/%E8%BB%8A%E5%9F%95%E8%BB%8A%E7%AB%99,1922-01-14,集集線
98,3450,林內,Linnei,雲林縣林內鄉林中村中山路 42 號,"No. 42, Zhongshan Rd., Linnei Township, Yunlin County",05-5892040,23.75967 120.61499,三等,/wiki/%E6%9E%97%E5%85%A7%E8%BB%8A%E7%AB%99,1907-06-20,縱貫線南段
99,3460,石榴,Shiliu,雲林縣斗六市榴北里文明路 31 號,"No. 31, Wenming Rd., Douliu City, Yunlin County",05-5332900,23.73167 120.57998,招呼,/wiki/%E7%9F%B3%E6%A6%B4%E8%BB%8A%E7%AB%99,1905-10-15,縱貫線南段
100,3470,斗六,Douliu,雲林縣斗六市信義里民生路 187 號,"No. 187, Minsheng Rd., Douliu City, Yunlin County",05-5332900,23.71157 120.54117,一等,/wiki/%E6%96%97%E5%85%AD%E8%BB%8A%E7%AB%99,1904-02-01,縱貫線南段
101,3480,斗南,Dounan,雲林縣斗南鎮南昌里中山路 2 號,"No. 2, Zhongshan Rd., Dounan Township, Yunlin County",05-5972039,23.67302 120.48082,二等,/wiki/%E6%96%97%E5%8D%97%E8%BB%8A%E7%AB%99,1903-12-15,縱貫線南段
102,3490,石龜,Shigui,雲林縣斗南鎮石龜里,"Shigui Vil., Dounan Township, Yunlin County",05-5972039,23.63951 120.47106,招呼,/wiki/%E7%9F%B3%E9%BE%9C%E8%BB%8A%E7%AB%99,1958-10-24,縱貫線南段
103,4050,大林,Dalin,嘉義縣大林鎮吉林里中山路 2 號,"No. 2, Zhongshan Rd., Dalin Township, Chiayi County",05-2654804,23.60112 120.45585,三等,/wiki/%E5%A4%A7%E6%9E%97%E8%BB%8A%E7%AB%99,1903-12-15,縱貫線南段
104,4060,民雄,Minxiong,嘉義縣民雄鄉東榮村和平路 2 號,"No. 2, Heping Rd., Minxiong Township, Chiayi County",05-2264272,23.55502 120.43136,三等,/wiki/%E6%B0%91%E9%9B%84%E8%BB%8A%E7%AB%99,1903-12-15,縱貫線南段
105,4070,嘉北,Jiabei,嘉義市 東區後湖里保建街 110 號,"No. 110, Baojian St.,  , Chiayi City",05-2334584,23.49985 120.44852,簡易,/wiki/%E5%98%89%E5%8C%97%E8%BB%8A%E7%AB%99,2005-09-08,縱貫線南段
106,4080,嘉義,Chiayi,嘉義市 西區番社里中山路 528 號,"No. 528, Zhongshan Rd.,  , Chiayi City",05-2228904,23.47902 120.44124,一等,/wiki/%E5%98%89%E7%BE%A9%E8%BB%8A%E7%AB%99,1902-04-20,縱貫線、阿里山線
107,4090,水上,Shuishang,嘉義縣水上鄉下寮村鴿溪寮 49 號,"No. 49, Gexiliao, Shuishang Township, Chiayi County",05-2228904,23.43389 120.39961,簡易,/wiki/%E6%B0%B4%E4%B8%8A%E8%BB%8A%E7%AB%99,1902-04-20,縱貫線
108,4100,南靖,Nanjing,嘉義縣水上鄉三鎮村三鎮路 26 號,"No. 26, Sanzhen Rd., Shuishang Township, Chiayi County",05-2601232,23.41346 120.38647,甲簡,/wiki/%E5%8D%97%E9%9D%96%E8%BB%8A%E7%AB%99,1911-03-20,縱貫線
109,4110,後壁,Houbi,臺南市後壁區後壁里後壁 77 號,"No. 77, Houbi, Houbi Dist., Tainan City",06-6872055,23.36626 120.36058,甲簡,/wiki/%E5%BE%8C%E5%A3%81%E8%BB%8A%E7%AB%99,1903-04-20,縱貫線
110,4120,新營,Xinying,臺南市新營區中營里中山路 1 號,"No. 1, Zhongshan Rd., Xinying Dist., Tainan City",06-6322104,23.30658 120.32344,一等,/wiki/%E6%96%B0%E7%87%9F%E8%BB%8A%E7%AB%99,1901-12-16,縱貫線
111,4130,柳營,Liuying,臺南市柳營區東昇里建國路 1 號,"No. 1, Jianguo Rd., Liuying Dist., Tainan City",06-6226450,23.27762 120.32252,簡易,/wiki/%E6%9F%B3%E7%87%9F%E8%BB%8A%E7%AB%99,1960-06-01,縱貫線
112,4140,林鳳營,Linfengying,臺南市六甲區中社里林鳳營 16 號,"No. 16, Linfengying, Liujia Dist., Tainan City",06-6986086,23.24259 120.32107,甲簡,/wiki/%E6%9E%97%E9%B3%B3%E7%87%9F%E8%BB%8A%E7%AB%99,1901-12-16,縱貫線
113,4150,隆田,Longtian,臺南市官田區隆田里中山路一段 1 號,"No. 1, Sec. 1, Zhongshan Rd., Guantian Dist., Tainan City",06-5791664,23.19271 120.31917,二等,/wiki/%E9%9A%86%E7%94%B0%E8%BB%8A%E7%AB%99,1902-04-20,縱貫線
114,4160,拔林,Balin,臺南市官田區拔林里拔子林 83 之 1 號,"No. 83-1, Bazilin, Guantian Dist., Tainan City",06-5791664,23.17287 120.32117,招呼,/wiki/%E6%8B%94%E6%9E%97%E8%BB%8A%E7%AB%99,1901-12-16,縱貫線
115,4170,善化,Shanhua,臺南市善化區光文里中山路 1 號,"No. 1, Zhongshan Rd., Shanhua Dist., Tainan City",06-5837301,23.13333 120.30653,二等,/wiki/%E5%96%84%E5%8C%96%E8%BB%8A%E7%AB%99,1901-05-15,縱貫線
116,4180,南科,Nanke,臺南市新市區大營里大營 287-300 號,"No. 287-300, Daying, Xinshi Dist., Tainan City",06-5896356,23.10714 120.30175,簡易,/wiki/%E5%8D%97%E7%A7%91%E8%BB%8A%E7%AB%99,2010-07-14,縱貫線
117,4190,新市,Xinshi,臺南市新市區新和里中華路 1 號,"No. 1, Zhonghua Rd., Xinshi Dist., Tainan City",06-5996911,23.06816 120.29004,三等,/wiki/%E6%96%B0%E5%B8%82%E8%BB%8A%E7%AB%99,1901-05-15,縱貫線
118,4200,永康,Yongkang,臺南市永康區埔園里中山路 459 號,"No. 459, Zhongshan Rd., Yongkang Dist., Tainan City",06-2323305,23.03873 120.25374,二等,/wiki/%E6%B0%B8%E5%BA%B7%E8%BB%8A%E7%AB%99,1903-03-10,縱貫線
119,4210,大橋,Daqiao,臺南市永康區西橋里中華路 835 號,"No. 835, Zhonghua Rd., Yongkang Dist., Tainan City",06-3021755,23.01951 120.22449,簡易,/wiki/%E5%A4%A7%E6%A9%8B%E8%BB%8A%E7%AB%99,2002-10-04,縱貫線
120,4220,臺南,Tainan,臺南市東區成大里北門路二段 4 號,"No. 4, Sec. 2, Beimen Rd., East Dist., Tainan City",06-2261314,22.99719 120.21231,一等,/wiki/%E8%87%BA%E5%8D%97%E8%BB%8A%E7%AB%99,1900-05-15,縱貫線、捷運：臺南捷運綠線
121,4250,保安,Bao'an,臺南市仁德區保安里文賢路一段 529 巷 10 號,"No. 10, Ln. 529, Sec. 1, Wenxian Rd., Rende Dist., Tainan City",06-2665988,22.93289 120.23143,三等,/wiki/%E4%BF%9D%E5%AE%89%E8%BB%8A%E7%AB%99,1900-11-29,縱貫線
122,4260,仁德,Rende,臺南市仁德區保安里永德路 10 號,"No. 10, Yongde Rd., Rende Dist., Tainan City",06-2669383,22.92364 120.24061,簡易,/wiki/%E4%BB%81%E5%BE%B7%E8%BB%8A%E7%AB%99,2014-01-10,縱貫線
123,4270,中洲,Zhongzhou,臺南市仁德區中洲五街236號,"No. 236, Zhongzhou 5th St., Rende Dist., Tainan City",06-2667191,22.90466 120.25286,二等,/wiki/%E4%B8%AD%E6%B4%B2%E8%BB%8A%E7%AB%99,1901-12-11,縱貫線、沙崙線
124,4271,長榮大學,Chang Jung Christian University,臺南市歸仁區大潭里長大路15 號,"No. 15, Changda Rd., Guiren Dist., Tainan City",06-2782615,22.90735 120.27274,簡易,/wiki/%E9%95%B7%E6%A6%AE%E5%A4%A7%E5%AD%B8%E8%BB%8A%E7%AB%99,2011-01-02,沙崙線
125,4272,沙崙,Shalun,臺南市歸仁區沙崙里歸仁大道 102 號,"No. 102, Guiren Blvd., Guiren Dist., Tainan City",06-3032686,22.92419 120.28635,乙簡,/wiki/%E6%B2%99%E5%B4%99%E8%BB%8A%E7%AB%99,2011-01-02,沙崙線
126,4290,大湖,Dahu,高雄市路竹區甲南里天祐路 24 號,"No. 24, Tianyou Rd., Luzhu Dist., Kaohsiung City",07-6932127,22.87821 120.25384,三等,/wiki/%E5%A4%A7%E6%B9%96%E8%BB%8A%E7%AB%99_(%E5%8F%B0%E9%90%B5),1900-11-29,縱貫線
127,4300,路竹,Luzhu,高雄市路竹區竹南里中正路 288 號,"No. 288, Zhongzheng Rd., Luzhu Dist., Kaohsiung City",07-6072723,22.85404 120.26619,三等,/wiki/%E8%B7%AF%E7%AB%B9%E8%BB%8A%E7%AB%99,1902-12-15,縱貫線
128,4310,岡山,Gangshan,高雄市岡山區碧紅里岡燕路 111 號,"No. 111, Gangyan Rd., Gangshan Dist., Kaohsiung City",07-6212074,22.79251 120.30008,一等,/wiki/%E5%B2%A1%E5%B1%B1%E8%BB%8A%E7%AB%99_(%E8%87%BA%E7%81%A3),1900-12-15,縱貫線、紅線
129,4320,橋頭,Qiaotou,高雄市橋頭區橋頭里站前街 14 號,"No. 14, Zhanqian St., Qiaotou Dist., Kaohsiung City",07-6115424,22.76113 120.31043,三等,/wiki/%E6%A9%8B%E9%A0%AD%E8%BB%8A%E7%AB%99_(%E5%8F%B0%E9%90%B5),1901-05-15,縱貫線、紅線
130,4330,楠梓,Nanzi,高雄市惠楠里建楠路 229 號,"No. 229, Jiannan Rd., , Kaohsiung City",07-3510175,22.72717 120.32453,二等,/wiki/%E6%A5%A0%E6%A2%93%E8%BB%8A%E7%AB%99,1900-11-29,縱貫線
131,4340,新左營,Xinzuoying,高雄市左營區尾北里站前北路 1 號,"No. 1, Zhanqian N. Rd., Zuoying Dist., Kaohsiung City",07-5887825,22.68721 120.30721,一等,/wiki/%E6%96%B0%E5%B7%A6%E7%87%9F%E8%BB%8A%E7%AB%99,2006-12-01,縱貫線
132,4350,左營,Zuoying,高雄市左營區翠華路1050號地下1層,"B1F., No. 1050, Cuihua Rd, Zuoying Dist., Kaohsiung City",07-5887835,22.67441 120.29441,簡易,/wiki/%E5%B7%A6%E7%87%9F%EF%BC%88%E8%88%8A%E5%9F%8E%EF%BC%89%E8%BB%8A%E7%AB%99,1900-11-29,縱貫線
133,4360,內惟,Neiwei,高雄市鼓山區翠華路500號地下1層,"B1F., No. 500, Cuihua Rd., Gushan Dist., Kaohsiung City",07-5886119,22.66611 120.28691,簡易,/wiki/%E5%85%A7%E6%83%9F%E8%BB%8A%E7%AB%99,2018-10-14,縱貫線
134,4370,美術館,Museum of Fine Arts,高雄市鼓山區翠華路246號,"No.246, Cuihua Rd., Gushan Dist., Kaohsiung City",07-5215147,22.65298 120.28163,乙簡,/wiki/%E7%BE%8E%E8%A1%93%E9%A4%A8%E8%BB%8A%E7%AB%99,2018-10-14,縱貫線、環狀輕軌
135,4380,鼓山,Gushan,高雄市鼓山區鐵路街20巷6號,"No.6, Ln. 20, Railway St., Gushan Dist., Kaohsiung City",07-5217014,22.64169 120.28071,簡易,/wiki/%E9%BC%93%E5%B1%B1%E8%BB%8A%E7%AB%99,2018-10-14,縱貫線、環狀輕軌
136,4390,三塊厝,Sankuaicuo,高雄市三民區德北里6鄰康平街1號,"No.1, Kangping St., Sanmin Dist., Kaohsiung City",07-2856234,22.63901 120.29381,簡易,/wiki/%E4%B8%89%E5%A1%8A%E5%8E%9D%E8%BB%8A%E7%AB%99,1908-02-01,縱貫線
137,4400,高雄,Kaohsiung,高雄市三民區港西里建國二路 318 號,"No. 318, Jianguo 2nd Rd., Sanmin Dist., Kaohsiung City",07-2352376,22.63801 120.30313,特等,/wiki/%E9%AB%98%E9%9B%84%E8%BB%8A%E7%AB%99,1941-06-22,屏東線、縱貫線、紅線
138,4410,民族,Minzu,高雄市三民區博惠里14鄰凱旋一路260號,"No.260, Kaisyuan 1st Rd., Sanmin Dist., Kaohsiung City",07-2231492,22.63881 120.31479,簡易,/wiki/%E6%B0%91%E6%97%8F%E8%BB%8A%E7%AB%99,2018-10-14,屏東線、黃線
139,4420,科工館,Science And Technology Museum,高雄市三民區寶盛里15鄰大順三路307號,"No. 307, Dashun 3rd Rd., Sanmin Dist., Kaohsiung City",07-2234778,22.63702 120.32663,簡易,/wiki/%E7%A7%91%E5%B7%A5%E9%A4%A8%E8%BB%8A%E7%AB%99,2018-10-14,屏東線、環狀輕軌
140,4430,正義,Zhengyi,高雄市苓雅區建軍里正義路 308 號 B1,", Lingya Dist., Kaohsiung City",07-7999818,22.63425 120.34245,簡易,/wiki/%E6%AD%A3%E7%BE%A9%E8%BB%8A%E7%AB%99,2018-10-14,屏東線、黃線
141,4440,鳳山,Fongshan,高雄市鳳山區曹公里曹公路 137 號,"No. 137, Caogong Rd., Fengshan Dist., Kaohsiung City",07-7460423,22.63131 120.35746,二等,/wiki/%E9%B3%B3%E5%B1%B1%E8%BB%8A%E7%AB%99_(%E8%87%BA%E9%90%B5),1907-10-01,屏東線
142,4450,後庄,Houzhuang,高雄市大寮區後庄里民慶街 9 號,"No. 9, Minqing St., Daliao Dist., Kaohsiung City",07-7020149,22.64013 120.39132,簡易,/wiki/%E5%BE%8C%E5%BA%84%E8%BB%8A%E7%AB%99,1908-06-25,屏東線
143,4460,九曲堂,Jiuqutang,高雄市大樹區久堂里久堂路鐵路巷 15 號,"No. 15, Railway Ln., Jiutang Rd., Dashu Dist., Kaohsiung City",07-6512020,22.65658 120.42072,三等,/wiki/%E4%B9%9D%E6%9B%B2%E5%A0%82%E8%BB%8A%E7%AB%99,1907-10-01,屏東線
144,4470,六塊厝,Liukuaicuo,屏東縣屏東市長安里光復路 392 號,"No. 392, Guangfu Rd., Pingdong City, Pingtung County",08-7515140,22.66619 120.46491,招呼,/wiki/%E5%85%AD%E5%A1%8A%E5%8E%9D%E8%BB%8A%E7%AB%99,1913-12-20,屏東線
145,5000,屏東,Pingtung,屏東縣屏東市擇仁里公勇路 62 號,"No. 62, Gongyong Rd., Pingdong City, Pingtung County",08-7515140,22.66961 120.48627,一等,/wiki/%E5%B1%8F%E6%9D%B1%E8%BB%8A%E7%AB%99,1913-12-20,屏東線
146,5010,歸來,Guilai,屏東縣屏東市歸來里歸仁路 5 之 4 號,"No. 5-4, Guiren Rd., Pingdong City, Pingtung County",08-7515140,22.65214 120.50294,招呼,/wiki/%E6%AD%B8%E4%BE%86%E8%BB%8A%E7%AB%99,1956-05-01,屏東線
147,5020,麟洛,Linluo,屏東縣麟洛鄉田道村中華路站前巷 15 號,"No. 15, Zhanqian Ln., Zhonghua Rd., Linluo Township, Pingtung County",08-7515140,22.63478 120.51446,招呼,/wiki/%E9%BA%9F%E6%B4%9B%E8%BB%8A%E7%AB%99,1941-07-01,屏東線
148,5030,西勢,Xishi,屏東縣竹田鄉西勢村西豐路 2 號,"No. 2, Xifeng Rd., Zhutian Township, Pingtung County",08-7784521,22.61661 120.52677,三等,/wiki/%E8%A5%BF%E5%8B%A2%E8%BB%8A%E7%AB%99,1919-11-16,屏東線
149,5040,竹田,Zhutian,屏東縣竹田鄉履豐村豐明路29 號,"No. 27-1, Fengming Rd., Zhutian Township, Pingtung County",08-7711002,22.58648 120.54009,簡易,/wiki/%E7%AB%B9%E7%94%B0%E8%BB%8A%E7%AB%99,1919-11-16,屏東線
150,5050,潮州,Chaozhou,屏東縣潮州鎮新榮里信義路 111 號,"No. 111, Xinyi Rd., Chaozhou Township, Pingtung County",08-7882739,22.55007 120.53662,一等,/wiki/%E6%BD%AE%E5%B7%9E%E8%BB%8A%E7%AB%99,1920-02-22,屏東線
151,5060,崁頂,Kanding,屏東縣崁頂鄉崁頂村中正路 122 號,"No. 122, Zhongzheng Rd., Kanding Township, Pingtung County",08-7882739,22.51311 120.51481,招呼,/wiki/%E5%B4%81%E9%A0%82%E8%BB%8A%E7%AB%99,1952-11-24,屏東線
152,5070,南州,Nanzhou,屏東縣南州鄉仁里村仁里路 86 號,"No. 86, Renli Rd., Nanzhou Township, Pingtung County",08-8642942,22.49203 120.51159,三等,/wiki/%E5%8D%97%E5%B7%9E%E8%BB%8A%E7%AB%99,1923-10-11,屏東線
153,5080,鎮安,Zhen'an,屏東縣林邊鄉鎮安村永和路 4 號,"No. 4, Yonghe Rd., Linbian Township, Pingtung County",08-8642942,22.45794 120.51151,招呼,/wiki/%E9%8E%AE%E5%AE%89%E8%BB%8A%E7%AB%99,1940-07-19,屏東線、東港線、紅線林園東港線
154,5090,林邊,Linbian,屏東縣林邊鄉仁和村仁愛路 33 號,"No. 33, Ren’ai Rd., Linbian Township, Pingtung County",08-8751475,22.43141 120.51538,三等,/wiki/%E6%9E%97%E9%82%8A%E8%BB%8A%E7%AB%99,1940-07-19,屏東線
155,5100,佳冬,Jiadong,屏東縣佳冬鄉六根村復興路21號,"No. 21, Fuxing Rd., Jiadong Township, Pingtung County",08-8662939,22.41416 120.54782,甲簡,/wiki/%E4%BD%B3%E5%86%AC%E8%BB%8A%E7%AB%99,1940-07-19,屏東線
156,5110,東海,Donghai,屏東縣枋寮鄉東海村西安路 92 號,"No. 92, Xi’an Rd., Fangliao Township, Pingtung County",08-8782041,22.39903 120.57252,招呼,/wiki/%E6%9D%B1%E6%B5%B7%E8%BB%8A%E7%AB%99_(%E5%8F%B0%E7%81%A3),1953-01-16,屏東線
157,5120,枋寮,Fangliao,屏東縣枋寮鄉枋寮村儲運路 18 號,"No. 18, Chuyun Rd., Fangliao Township, Pingtung County",08-8782041,22.36786 120.59501,二等,/wiki/%E6%9E%8B%E5%AF%AE%E8%BB%8A%E7%AB%99,1941-12-15,南迴線、屏東線
158,5130,加祿,Jialu,屏東縣枋山鄉加祿村會社 53 號,"No. 53, Huishe, Fangshan Township, Pingtung County",08-8720791,22.33085 120.62445,三等,/wiki/%E5%8A%A0%E7%A5%BF%E8%BB%8A%E7%AB%99,1992-10-05,南迴線
159,5140,內獅,Neishi,屏東縣枋山鄉加祿村南和 43 號,"No. 43, Nanhe, Fangshan Township, Pingtung County",08-8720791,22.30615 120.64322,招呼,/wiki/%E5%85%A7%E7%8D%85%E8%BB%8A%E7%AB%99,1992-10-05,南迴線、恆春線（規劃中）
160,5160,枋山,Fangshan,屏東縣獅子鄉內獅村內獅巷 84 號,"No. 84, Neishi Ln., Shizi Township, Pingtung County",08-8720791,22.26677 120.65968,乙簡,/wiki/%E6%9E%8B%E5%B1%B1%E8%BB%8A%E7%AB%99,1992-10-05,南迴線
161,5170,枋野,Fangye,屏東縣獅子鄉內獅村內獅巷 88 號,"No. 88, Neishi Ln., Shizi Township, Pingtung County",08-8761953,22.28091 120.71709,三等,/wiki/%E6%9E%8B%E9%87%8E%E8%BB%8A%E7%AB%99,1992-10-05,南迴線
162,5190,大武,Dawu,臺東縣大武鄉大鳥村和平部落 33 號,"No. 33, Ku Shu Shu, Dawu Township, Taitung County",089-792056,22.36537 120.90091,三等,/wiki/%E5%A4%A7%E6%AD%A6%E8%BB%8A%E7%AB%99,1992-10-05,南迴線
163,5200,瀧溪,Longxi,臺東縣太麻里鄉多良村大溪 37 號,"No. 37, Daxi, Taimali Township, Taitung County",089-761482,22.46072 120.94188,乙簡,/wiki/%E7%80%A7%E6%BA%AA%E8%BB%8A%E7%AB%99,1992-10-05,南迴線
164,5210,金崙,Jinlun,臺東縣太麻里鄉金崙村金崙 47 之 17 號,"No. 47-17, Jinlun, Taimali Township, Taitung County",089-771068,22.53161 120.96721,三等,/wiki/%E9%87%91%E5%B4%99%E8%BB%8A%E7%AB%99,1992-10-05,南迴線
165,5220,太麻里,Taimali,臺東縣太麻里鄉大王村站前路 2 號,"No. 2, Zhanqian Rd., Taimali Township, Taitung County",089-781544,22.61879 121.00505,三等,/wiki/%E5%A4%AA%E9%BA%BB%E9%87%8C%E8%BB%8A%E7%AB%99,1988-01-01,南迴線
166,5230,知本,Zhiben,臺東縣臺東市知本里知本路二段 900 巷 85 號,"No. 85, Ln. 900, Sec. 2, Zhiben Rd., Taidong City, Taitung County",089-514482,22.71008 121.06128,三等,/wiki/%E7%9F%A5%E6%9C%AC%E8%BB%8A%E7%AB%99,1985-07-15,南迴線
167,5240,康樂,Kangle,臺東縣臺東市康樂里博物館路 51 巷 131 號,"No. 131, Ln. 51, Museum Rd., Taidong City, Taitung County",089-383107,22.76406 121.09338,乙簡,/wiki/%E5%BA%B7%E6%A8%82%E8%BB%8A%E7%AB%99,1985-07-15,南迴線
168,6000,臺東,Taitung,臺東縣臺東市岩灣里岩灣路 101 巷 598 號,"No. 598, Ln. 101, Yanwan Rd., Taidong City, Taitung County",089-229687,22.79375 121.12326,一等,/wiki/%E8%87%BA%E6%9D%B1%E8%BB%8A%E7%AB%99,1982-06-27,南迴線、臺東線
169,6010,山里,Shanli,臺東縣卑南鄉嘉豐村山里路 108 號,"No. 108, Shanli Rd., Beinan Township, Taitung County",089-572370,22.86194 121.13778,乙簡,/wiki/%E5%B1%B1%E9%87%8C%E8%BB%8A%E7%AB%99,1982-06-27,臺東線
170,6020,鹿野,Luye,臺東縣鹿野鄉鹿野村中正路 38 號,"No. 38, Zhongzheng Rd., Luye Township, Taitung County",089-550217,22.91251 121.13696,三等,/wiki/%E9%B9%BF%E9%87%8E%E8%BB%8A%E7%AB%99,1922-04-20,臺東線
171,6030,瑞源,Ruiyuan,臺東縣鹿野鄉瑞源村瑞景路一段 336 巷 8 號 之 1,"No. 8-1, Ln. 336, Sec. 1, Ruijing Rd., Luye Township, Taitung County",089-580159,22.95613 121.15902,三等,/wiki/%E7%91%9E%E6%BA%90%E8%BB%8A%E7%AB%99,1922-04-20,臺東線
172,6040,瑞和,Ruihe,臺東縣鹿野鄉瑞和村瑞景路三段 1 之 1 號,"No. 1-1, Sec. 3, Ruijing Rd., Luye Township, Taitung County",089-580159,22.98001 121.15573,招呼,/wiki/%E7%91%9E%E5%92%8C%E8%BB%8A%E7%AB%99,1923-07-14,臺東線
173,6050,關山,Guanshan,臺東縣關山鎮里壠里博愛路 2 號,"No. 2, Bo’ai Rd., Guanshan Township, Taitung County",089-811033,23.04564 121.16441,三等,/wiki/%E9%97%9C%E5%B1%B1%E8%BB%8A%E7%AB%99_(%E8%87%BA%E7%81%A3),1922-04-20,臺東線
174,6060,海端,Haiduan,臺東縣關山鎮德高里西莊 49 號,"No. 49, Xizhuang, Guanshan Township, Taitung County",089-811033,23.10257 121.17695,乙簡,/wiki/%E6%B5%B7%E7%AB%AF%E8%BB%8A%E7%AB%99,1924-08-27,臺東線
175,6070,池上,Chishang,臺東縣池上鄉福文村鐵花路 30 號,"No. 30, Tiehua Rd., Chishang Township, Taitung County",089-862097,23.12628 121.21945,三等,/wiki/%E6%B1%A0%E4%B8%8A%E8%BB%8A%E7%AB%99_(%E8%87%BA%E7%81%A3),1924-09-01,臺東線
176,6080,富里,Fuli,花蓮縣富里鄉富里村車站街 56 號,"No. 56, Chezhan St., Fuli Township, Hualien County",03-8831771,23.17935 121.24864,三等,/wiki/%E5%AF%8C%E9%87%8C%E8%BB%8A%E7%AB%99,1926-01-20,臺東線
177,6090,東竹,Dongzhu,花蓮縣富里鄉新興村新興 26 號,"No. 26, Xinxing, Fuli Township, Hualien County",03-8821504,23.22612 121.27844,乙簡,/wiki/%E6%9D%B1%E7%AB%B9%E8%BB%8A%E7%AB%99,1924-05-01,臺東線
178,6100,東里,Dongli,花蓮縣富里鄉東里村大莊路 15 之 6 號,"No. 15-6, Dazhuang Rd., Fuli Township, Hualien County",03-8861005,23.27127 121.30575,三等,/wiki/%E6%9D%B1%E9%87%8C%E8%BB%8A%E7%AB%99,1924-05-01,臺東線
179,6110,玉里,Yuli,花蓮縣玉里鎮中城里康樂街 39 號,"No. 39, Kangle St., Yuli Township, Hualien County",03-8882020,23.33161 121.31181,一等,/wiki/%E7%8E%89%E9%87%8C%E8%BB%8A%E7%AB%99,1917-11-01,臺東線
180,6120,三民,Sanmin,花蓮縣玉里鎮三民里三民 10 號,"No. 10, Sanmin, Yuli Township, Hualien County",03-8841847,23.42463 121.34561,乙簡,/wiki/%E4%B8%89%E6%B0%91%E8%BB%8A%E7%AB%99,1917-11-01,臺東線
181,6130,瑞穗,Ruisui,花蓮縣瑞穗鄉瑞穗村四維街 13 號,"No. 13, Siwei St., Ruisui Township, Hualien County",03-8875039,23.49739 121.37689,三等,/wiki/%E7%91%9E%E7%A9%97%E8%BB%8A%E7%AB%99_(%E8%87%BA%E7%81%A3),1915-01-26,臺東線
182,6140,富源,Fuyuan,花蓮縣瑞穗鄉富源村富源路 2 號,"No. 2, Fuyuan Rd., Ruisui Township, Hualien County",03-8811824,23.58028 121.38003,三等,/wiki/%E5%AF%8C%E6%BA%90%E8%BB%8A%E7%AB%99,1914-03-08,臺東線
183,6150,大富,Dafu,花蓮縣光復鄉大富村明德路 1 號,"No. 1, Mingde Rd., Guangfu Township, Hualien County",03-8811824,23.60572 121.38969,招呼,/wiki/%E5%A4%A7%E5%AF%8C%E8%BB%8A%E7%AB%99,1918-11-01,臺東線
184,6160,光復,Guangfu,花蓮縣光復鄉大安村中正路一段 2 之 1 號,"No. 2-1, Sec. 1, Zhongzheng Rd., Guangfu Township, Hualien County",03-8704143,23.66633 121.42125,三等,/wiki/%E5%85%89%E5%BE%A9%E8%BB%8A%E7%AB%99,1913-11-20,臺東線
185,6170,萬榮,Wanrong,花蓮縣鳳林鎮長橋里長德街 17 號,"No. 17, Changde St., Fenglin Township, Hualien County",03-8752175,23.71199 121.41907,三等,/wiki/%E8%90%AC%E6%A6%AE%E8%BB%8A%E7%AB%99,1914-03-08,臺東線
186,6180,鳳林,Fenglin,花蓮縣鳳林鎮鳳智里中山路 43 號,"No. 43, Zhongshan Rd., Fenglin Township, Hualien County",03-8762004,23.74625 121.44708,三等,/wiki/%E9%B3%B3%E6%9E%97%E8%BB%8A%E7%AB%99,1912-01-25,臺東線
187,6190,南平,Nanping,花蓮縣鳳林鎮南平里自強路 233 號,"No. 233, Ziqiang Rd., Fenglin Township, Hualien County",03-8771597,23.78228 121.45833,三等,/wiki/%E5%8D%97%E5%B9%B3%E8%BB%8A%E7%AB%99_(%E8%87%BA%E7%81%A3),1915-09-16,臺東線
188,6200,林榮新光,Linrong Shin Kong,花蓮縣鳳林鎮兆豐路800號,"No. 800, Chaofeng Rd., Fenglin Township, Hualien County",03-8772677,23.80167 121.46166,簡易,/wiki/%E6%9E%97%E6%A6%AE%E6%96%B0%E5%85%89%E8%BB%8A%E7%AB%99,1918-11-01,臺東線
189,6210,豐田,Fengtian,花蓮縣壽豐鄉豐山村站前街 36 號,"No. 36, Zhanqian St., Shoufeng Township, Hualien County",03-8654251,23.84836 121.49619,簡易,/wiki/%E8%B1%90%E7%94%B0%E8%BB%8A%E7%AB%99_(%E5%8F%B0%E7%81%A3),1913-05-01,臺東線
190,6220,壽豐,Shoufeng,花蓮縣壽豐鄉壽豐村壽山路 1 號,"No. 1, Shoushan Rd., Shoufeng Township, Hualien County",03-8653706,23.86901 121.51064,三等,/wiki/%E5%A3%BD%E8%B1%90%E8%BB%8A%E7%AB%99,1910-12-16,臺東線
191,6230,平和,Pinghe,花蓮縣壽豐鄉平和村平和路 1 號,"No. 1, Pinghe Rd., Shoufeng Township, Hualien County",03-8653706,23.88275 121.52036,招呼,/wiki/%E5%B9%B3%E5%92%8C%E8%BB%8A%E7%AB%99,1934-04-20,臺東線
192,6240,志學,Zhixue,花蓮縣壽豐鄉志學村中正路 1 號,"No. 1, Zhongzheng Rd., Shoufeng Township, Hualien County",03-8662966,23.90751 121.52947,三等,/wiki/%E5%BF%97%E5%AD%B8%E8%BB%8A%E7%AB%99,1911-09-25,臺東線
193,6250,吉安,Ji'an,花蓮縣吉安鄉南昌村南昌路1號,"No. 200, Nanchang Rd., Ji`an Township, Hualien County",03-8539423,23.96825 121.58261,三等,/wiki/%E5%90%89%E5%AE%89%E8%BB%8A%E7%AB%99,1914-01-29,臺東線
194,7000,花蓮,Hualien,花蓮縣花蓮市國聯里國聯一路 100 號,"No. 100, Guolian 1st Rd., Hualian City, Hualien County",03-8355941,23.99264 121.60158,特等,/wiki/%E8%8A%B1%E8%93%AE%E7%AB%99,1979-02-08,臺東線、北迴線
195,7010,北埔,Beipu,花蓮縣新城鄉北埔村自強街 113 號,"No. 113, Ziqiang St., Xincheng Township, Hualien County",03-8263809,24.03251 121.60189,三等,/wiki/%E5%8C%97%E5%9F%94%E8%BB%8A%E7%AB%99,1975-07-26,北迴線、花蓮臨港線
196,7020,景美,Jingmei,花蓮縣秀林鄉景美村加灣 178 之 1 號,"No. 178-1, Jiawan, Xiulin Township, Hualien County",03-8611237,24.09039 121.61103,乙簡,/wiki/%E6%99%AF%E7%BE%8E%E8%BB%8A%E7%AB%99,1975-07-26,北迴線
197,7030,新城,Xincheng,花蓮縣新城鄉新城村新興一路 73 號,"No. 73, Xinxing 1st Rd., Xincheng Township, Hualien County",03-8611237,24.12761 121.64103,二等,/wiki/%E6%96%B0%E5%9F%8E%EF%BC%88%E5%A4%AA%E9%AD%AF%E9%96%A3%EF%BC%89%E8%BB%8A%E7%AB%99,1975-07-26,北迴線
198,7040,崇德,Chongde,花蓮縣秀林鄉崇德村海濱路 96 號,"No. 96, Haibin Rd., Xiulin Township, Hualien County",03-8621365,24.17111 121.65555,三等,/wiki/%E5%B4%87%E5%BE%B7%E8%BB%8A%E7%AB%99,1979-02-08,北迴線
199,7050,和仁,Heren,花蓮縣秀林鄉和平村和仁 71 號,"No. 71, Heren, Xiulin Township, Hualien County",03-8681221,24.24219 121.71192,三等,/wiki/%E5%92%8C%E4%BB%81%E8%BB%8A%E7%AB%99,1979-02-08,北迴線
200,7060,和平,Heping,花蓮縣秀林鄉和平村和平 276 號,"No. 276, Heping, Xiulin Township, Hualien County",03-8681009,24.29825 121.75322,二等,/wiki/%E5%92%8C%E5%B9%B3%E8%BB%8A%E7%AB%99_(%E8%8A%B1%E8%93%AE%E7%B8%A3),1979-02-08,北迴線
201,7070,漢本,Hanben,宜蘭縣南澳鄉澳花村蘇花路一段 56 號,"No. 56, Sec. 1, Suhua Rd., Nan`ao Township, Yilan County",03-9985238,24.33561 121.76878,三等,/wiki/%E6%BC%A2%E6%9C%AC%E8%BB%8A%E7%AB%99,1980-02-01,北迴線
202,7080,武塔,Wuta,宜蘭縣南澳鄉武塔村新溪路 18 號,"No. 18, Xinxi Rd., Nan`ao Township, Yilan County",03-9981971,24.44879 121.77601,乙簡,/wiki/%E6%AD%A6%E5%A1%94%E8%BB%8A%E7%AB%99,1980-02-01,北迴線
203,7090,南澳,Nan'ao,宜蘭縣蘇澳鎮南強里大通路 22 號,"No. 22, Datong Rd., Su`ao Township, Yilan County",03-9981971,24.46342 121.80103,三等,/wiki/%E5%8D%97%E6%BE%B3%E8%BB%8A%E7%AB%99,1980-02-01,北迴線
204,7100,東澳,Dong'ao,宜蘭縣南澳鄉東岳村東岳路 1 號,"No. 1, Dongyue Rd., Nan`ao Township, Yilan County",03-9986053,24.51828 121.83071,二等,/wiki/%E6%9D%B1%E6%BE%B3%E8%BB%8A%E7%AB%99,1980-02-01,北迴線
205,7110,永樂,Yongle,宜蘭縣蘇澳鎮永樂里圳頭路 60 號,"No. 60, Zuntou Rd., Su`ao Township, Yilan County",03-9961889,24.56843 121.84458,三等,/wiki/%E6%B0%B8%E6%A8%82%E8%BB%8A%E7%AB%99_(%E5%AE%9C%E8%98%AD%E7%B8%A3),1980-02-01,北迴線
206,7120,蘇澳,Su'ao,宜蘭縣蘇澳鎮蘇南里太平路 1 號,"No. 1, Taiping Rd., Su`ao Township, Yilan County",03-9962028,24.59521 121.85144,二等,/wiki/%E8%98%87%E6%BE%B3%E8%BB%8A%E7%AB%99,1919-03-24,宜蘭線
207,7130,蘇澳新,Su'aoxin,宜蘭縣蘇澳鎮聖愛里中山路二段 238 之 1 號,"No. 238-1, Sec. 2, Zhongshan Rd., Su`ao Township, Yilan County",03-9961004,24.60852 121.82719,一等,/wiki/%E8%98%87%E6%BE%B3%E6%96%B0%E7%AB%99,1968-04-15,宜蘭線、北迴線
208,7140,新馬,Xinma,宜蘭縣蘇澳鎮新城里中山路二段 322 號,"No. 322, Sec. 2, Zhongshan Rd., Su`ao Township, Yilan County",03-9961004,24.61535 121.82292,招呼,/wiki/%E6%96%B0%E9%A6%AC%E8%BB%8A%E7%AB%99,1920-11-22,宜蘭線
209,7150,冬山,Dongshan,宜蘭縣冬山鄉冬山村中正路 1 號,"No. 1, Zhongzheng Rd., Dongshan Township, Yilan County",03-9594221,24.63627 121.79212,三等,/wiki/%E5%86%AC%E5%B1%B1%E8%BB%8A%E7%AB%99,1919-03-24,宜蘭線
210,7160,羅東,Luodong,宜蘭縣羅東鎮大新里公正路 2 號,"No. 2, Gongzheng Rd., Luodong Township, Yilan County",03-9542117,24.67795 121.77424,二等,/wiki/%E7%BE%85%E6%9D%B1%E8%BB%8A%E7%AB%99,1919-03-24,宜蘭線
211,7170,中里,Zhongli_Yilan,宜蘭縣五結鄉中興村台興路 10 號,"No. 10, Taixing Rd., Wujie Township, Yilan County",03-9542117,24.69415 121.77526,招呼,/wiki/%E4%B8%AD%E9%87%8C%E8%BB%8A%E7%AB%99,1936-07-20,宜蘭線
212,7180,二結,Erjie,宜蘭縣五結鄉五結中路三段658巷8號,"No. 8,Lane 658,WuJie Central Rd. Sec.3, Wujie Township, Yilan County",03-9650304,24.70529 121.77411,三等,/wiki/%E4%BA%8C%E7%B5%90%E8%BB%8A%E7%AB%99,1919-03-24,宜蘭線
213,7190,宜蘭,Yilan,宜蘭縣宜蘭市和睦里光復路 1 號,"No. 1, Guangfu Rd., Yilan City, Yilan County",03-9323801,24.75462 121.75791,一等,/wiki/%E5%AE%9C%E8%98%AD%E8%BB%8A%E7%AB%99,1919-03-24,宜蘭線
214,7200,四城,Sicheng,宜蘭縣礁溪鄉吳沙村站前路 24 號,"No. 24, Zhanqian Rd., Jiaoxi Township, Yilan County",03-9282449,24.78684 121.76268,甲簡,/wiki/%E5%9B%9B%E5%9F%8E%E8%BB%8A%E7%AB%99,1921-02-25,宜蘭線
215,7210,礁溪,Jiaoxi,宜蘭縣礁溪鄉德陽村溫泉路 1 號,"No. 1, Wenquan Rd., Jiaoxi Township, Yilan County",03-9886940,24.82705 121.77523,三等,/wiki/%E7%A4%81%E6%BA%AA%E8%BB%8A%E7%AB%99,1919-11-15,宜蘭線
216,7220,頂埔,Dingpu,宜蘭縣頭城鎮下埔里下埔路 4 之 8 號,"No. 4-8, Xiapu Rd., Toucheng Township, Yilan County",03-9886940,24.84383 121.80918,招呼,/wiki/%E9%A0%82%E5%9F%94%E8%BB%8A%E7%AB%99_(%E5%AE%9C%E8%98%AD%E7%B8%A3),1937-05-01,宜蘭線
217,7230,頭城,Toucheng,宜蘭縣頭城鎮纘祥路 59 號,"No. 59, Zuanxiang Rd., Toucheng Township, Yilan County",03-9771429,24.85898 121.82253,二等,/wiki/%E9%A0%AD%E5%9F%8E%E8%BB%8A%E7%AB%99,1920-04-25,宜蘭線
218,7240,外澳,Wai'ao,宜蘭縣頭城鎮濱海路二段 217 號,"No. 217, Sec. 2, Binhai Rd., Toucheng Township, Yilan County",03-9771429,24.88371 121.84576,招呼,/wiki/%E5%A4%96%E6%BE%B3%E8%BB%8A%E7%AB%99,1920-12-10,宜蘭線
219,7250,龜山,Guishan,宜蘭縣頭城鎮更新里濱海路三段 261 號,"No. 261, Sec. 3, Binhai Rd., Toucheng Township, Yilan County",03-9770351,24.90481 121.86886,甲簡,/wiki/%E9%BE%9C%E5%B1%B1%E8%BB%8A%E7%AB%99_(%E5%8F%B0%E7%81%A3),1920-12-10,宜蘭線
220,7260,大溪,Daxi,宜蘭縣頭城鎮濱海路五段 63 號,"No. 63, Sec. 5, Binhai Rd., Toucheng Township, Yilan County",03-9771429,24.93836 121.88983,簡易,/wiki/%E5%A4%A7%E6%BA%AA%E8%BB%8A%E7%AB%99,1920-12-10,宜蘭線
221,7270,大里,Dali,宜蘭縣頭城鎮大里里濱海路六段 326 號,"No. 326, Sec. 6, Binhai Rd., Toucheng Township, Yilan County",03-9781171,24.96688 121.92257,甲簡,/wiki/%E5%A4%A7%E9%87%8C%E8%BB%8A%E7%AB%99,1920-12-10,宜蘭線
222,7280,石城,Shicheng,宜蘭縣頭城鎮濱海路七段 230 號,"No. 230, Sec. 7, Binhai Rd., Toucheng Township, Yilan County",03-9771429,24.97837 121.94546,招呼,/wiki/%E7%9F%B3%E5%9F%8E%E8%BB%8A%E7%AB%99,1953-05-01,宜蘭線
223,7290,福隆,Fulong,新北市貢寮區福隆里福隆街 2 號,"No. 2, Fulong St., Gongliao Dist., New Taipei City",02-24991800,25.01598 121.94471,三等,/wiki/%E7%A6%8F%E9%9A%86%E8%BB%8A%E7%AB%99,1924-12-01,宜蘭線
224,7300,貢寮,Gongliao,新北市貢寮區貢寮里朝陽街 33 號,"No. 33, Chaoyang St., Gongliao Dist., New Taipei City",02-24941500,25.02209 121.90867,甲簡,/wiki/%E8%B2%A2%E5%AF%AE%E8%BB%8A%E7%AB%99,1924-12-01,宜蘭線
225,7310,雙溪,Shuangxi,新北市雙溪區新基里朝陽街 1 號,"No. 1, Chaoyang St., Shuangxi Dist., New Taipei City",02-24932980,25.03858 121.86645,二等,/wiki/%E9%9B%99%E6%BA%AA%E8%BB%8A%E7%AB%99,1923-10-11,宜蘭線
226,7320,牡丹,Mudan,新北市雙溪區牡丹里51號,"No. 159, Mudan Rd., Shuangxi Dist., New Taipei City",02-24932980,25.05877 121.85194,簡易,/wiki/%E7%89%A1%E4%B8%B9%E8%BB%8A%E7%AB%99,1922-09-13,宜蘭線
227,7330,三貂嶺,Sandiaoling,新北市瑞芳區碩仁里魚寮路 1 號,"No. 1, Yuliao Rd., Ruifang Dist., New Taipei City",02-24977896,25.06555 121.82259,三等,/wiki/%E4%B8%89%E8%B2%82%E5%B6%BA%E8%BB%8A%E7%AB%99,1922-05-16,宜蘭線、平溪線
228,7331,大華,Dahua,新北市平溪區南山里六分 12 之 1 號,"No. 12-1, Liufen, Pingxi Dist., New Taipei City",02-24972033,25.04993 121.79751,招呼,/wiki/%E5%A4%A7%E8%8F%AF%E8%BB%8A%E7%AB%99,1956-10-12,平溪線
229,7332,十分,Shifen,新北市平溪區十分里十分街 51 號,"No. 51, Shifen St., Pingxi Dist., New Taipei City",02-24958307,25.04111 121.77514,丙簡,/wiki/%E5%8D%81%E5%88%86%E8%BB%8A%E7%AB%99,1929-10-01,平溪線
230,7333,望古,Wanggu,新北市平溪區望古里 (無站房),"Wanggu Vil. (No Station Building), Pingxi Dist., New Taipei City",02-24972033,25.03445 121.76349,招呼,/wiki/%E6%9C%9B%E5%8F%A4%E8%BB%8A%E7%AB%99,1972-07-30,平溪線
231,7334,嶺腳,Lingjiao,新北市平溪區嶺腳里嶺腳寮 22 號,"No. 22, Lingjiaoliao, Pingxi Dist., New Taipei City",02-24972033,25.03021 121.74784,招呼,/wiki/%E5%B6%BA%E8%85%B3%E8%BB%8A%E7%AB%99,1929-10-01,平溪線
232,7335,平溪,Pingxi,新北市平溪區平溪里中華街 12 號,"No. 12, Zhonghua St., Pingxi Dist., New Taipei City",02-24972033,25.02552 121.73994,簡易,/wiki/%E5%B9%B3%E6%BA%AA%E8%BB%8A%E7%AB%99,1929-10-01,平溪線
233,7336,菁桐,Jingtong,新北市平溪區菁桐里菁桐街 52 號,"No. 52, Jingtong St., Pingxi Dist., New Taipei City",02-24972033,25.02384 121.72394,簡易,/wiki/%E8%8F%81%E6%A1%90%E8%BB%8A%E7%AB%99,1929-10-01,平溪線
234,7350,猴硐,Houtong,新北市瑞芳區光復里柴寮路 70 號,"No. 70, Chailiao Rd., Ruifang Dist., New Taipei City",02-24977747,25.08711 121.82741,三等,/wiki/%E7%8C%B4%E7%A1%90%E8%BB%8A%E7%AB%99,1920-01-27,宜蘭線
235,7360,瑞芳,Ruifang,新北市瑞芳區龍潭里明燈路三段 82 號,"No. 82, Sec. 3, Mingdeng Rd., Ruifang Dist., New Taipei City",02-24972033,25.10861 121.80596,一等,/wiki/%E7%91%9E%E8%8A%B3%E7%AB%99,1919-05-05,宜蘭線、深澳線
236,7361,海科館,Haikeguan,基隆市中正區長潭里,"Changtan Vil., Zhongzheng Dist., Keelung City",02-24972033,25.13768 121.80003,招呼,/wiki/%E6%B5%B7%E7%A7%91%E9%A4%A8%E7%AB%99,2014-01-09,深澳線
237,7362,八斗子,Badouzi,基隆市中正區砂子里省道臺 2 線 (與新北市瑞芳區交界處、無站房),"Provincial Highway 2 (Junction of Ruifang Dist., New Taipei City, No Station Building), Zhongzheng Dist., Keelung City",02-24972033,25.13481 121.80411,招呼,/wiki/%E5%85%AB%E6%96%97%E5%AD%90%E7%AB%99,1967-08-25,深澳線
238,7380,四腳亭,Sijiaoting,新北市瑞芳區吉慶里中央路 65 號,"No. 65, Zhongyang Rd., Ruifang Dist., New Taipei City",02-24579346,25.10281 121.76192,三等,/wiki/%E5%9B%9B%E8%85%B3%E4%BA%AD%E8%BB%8A%E7%AB%99,1919-05-05,宜蘭線
239,7390,暖暖,Nuannuan,基隆市暖暖區暖暖里暖暖街 51 號,"No. 66, Nuannuan St., Nuannuan Dist., Keelung City",02-24972033,25.10224 121.74048,招呼,/wiki/%E6%9A%96%E6%9A%96%E8%BB%8A%E7%AB%99,1919-05-05,宜蘭線
